id;line_1;line_2;city;state;zip
1;impactful Rapid female;Folk grin up;Lake Alannaborough;AL;Avon W
2;sensor Rock Reggae;Buckinghamshire brand;Morissettetown;NY;circui
3;evolve intensify provided;Buckinghamshire North;Lake Odessaland;NY;Buckin
4;Northwest;Account Fiat;Lake Esmeralda;AL;Corpor
5;accelerate Diesel deposit;Virginia Games;Rockwall;AL;likely
6;snappy;Sedan Wagon;Jacobsonberg;NJ;SUV pa
7;South hard;female Tin Beauty;South Ara;AL;synthe
8;Bigender Account withdrawal;Southeast Reactive;Schummcester;NY;optica
9;possible;throughout Southeast;Irving;NY;red Bi
10;York revolutionary Micronesia;Diesel ugh;Kleinport;NJ;unripe
